card_number,name,display_name,nickname_or_handle,card_title,nationality,birth_date,known_for,primary_projects,other_projects,key_contributions,associates_or_ecosystem,scouting_report,collector_note,source_urls,portrait_reference_urls,legal_notes,impact_rating,code_rating,innovation_rating,community_rating,longevity_rating
1,Richard Stallman,Richard Stallman,,Founder of the GNU Project,USA,1953,Advocate for free software movement,GNU Project | Free Software Foundation | GNU C Compiler | GNU Emacs,,Launched the GNU Project | Founded the Free Software Foundation | Developed GNU General Public License,,"Richard Stallman is a pivotal figure in the free software movement. He advocates for user freedoms in software usage, study, and modification. His initiatives have shaped the landscape of software distribution and rights.",Freedom is a matter of choice.,https://www.wikidata.org/wiki/Q7439 | https://en.wikipedia.org/wiki/Richard_Stallman | https://www.google.com/search?q=Richard%20Stallman%20open%20source,https://upload.wikimedia.org/wikipedia/commons/thumb/3/38/Richard_Stallman_Bologna_2024_abc1.jpg/330px-Richard_Stallman_Bologna_2024_abc1.jpg | https://upload.wikimedia.org/wikipedia/commons/3/38/Richard_Stallman_Bologna_2024_abc1.jpg,"Portrait is an AI-generated illustration (OpenAI gpt-image-1), not a photograph. Facts grounded in public Wikipedia/Wikidata sources. Verify publicity/personality rights before commercial sale.",95,90,92,98,97
2,Linus Torvalds,Linus Torvalds,,Creator of the Linux Kernel,Finland / USA,1969,Developing Linux and Git,Linux Kernel | Git,,Created the Linux kernel | Developed version control system Git | Pioneered open source collaboration,,"Linus Torvalds revolutionizes software development with the Linux kernel and Git. His contributions foster a global open source community, driving innovation and collaboration across industries.",Linus brings freedom and collaboration to software.,https://www.wikidata.org/wiki/Q34253 | https://en.wikipedia.org/wiki/Linus_Torvalds | https://www.google.com/search?q=Linus%20Torvalds%20open%20source,https://upload.wikimedia.org/wikipedia/commons/thumb/0/01/LinuxCon_Europe_Linus_Torvalds_03_%28cropped%29.jpg/330px-LinuxCon_Europe_Linus_Torvalds_03_%28cropped%29.jpg | https://upload.wikimedia.org/wikipedia/commons/0/01/LinuxCon_Europe_Linus_Torvalds_03_%28cropped%29.jpg,"Portrait is an AI-generated illustration (OpenAI gpt-image-1), not a photograph. Facts grounded in public Wikipedia/Wikidata sources. Verify publicity/personality rights before commercial sale.",99,98,97,99,95
3,Aaron Swartz,Aaron Swartz,,Internet Activist and Programmer,USA,1986-11-08,Contributions to RSS and Markdown,RSS | Creative Commons | web.py | Markdown,,Developed web feed format RSS | Co-owner of Reddit | Defined Markdown syntax,,"Aaron Swartz is a pivotal figure in internet activism and programming. He significantly contributed to various projects that shaped the web, advocating for open access and civic engagement. His legacy inspires many in the tech community.",A prodigy who fought for freedom.,https://www.wikidata.org/wiki/Q302817 | https://en.wikipedia.org/wiki/Aaron_Swartz | https://www.google.com/search?q=Aaron%20Swartz%20open%20source,https://upload.wikimedia.org/wikipedia/commons/thumb/c/cd/Aaron_Swartz_in_2011.jpg/330px-Aaron_Swartz_in_2011.jpg | https://upload.wikimedia.org/wikipedia/commons/c/cd/Aaron_Swartz_in_2011.jpg,"Portrait is an AI-generated illustration (OpenAI gpt-image-1), not a photograph. Facts grounded in public Wikipedia/Wikidata sources. Verify publicity/personality rights before commercial sale.",95,88,92,97,85
4,TJ Holowaychuk,TJ Holowaychuk,,Node.js Contributor,Canada,1987,Creator of popular Node.js modules,Express | Koa | Socket.IO | Mocha,,Developed Express framework | Created Koa web framework | Contributed to numerous Node.js modules,,"TJ Holowaychuk is a pivotal figure in the Node.js community, known for his innovative frameworks and modules. His work has significantly shaped web development practices and tools, making him a respected leader in open source.",A master of Node.js frameworks.,https://en.wikipedia.org/wiki/TJ_Holowaychuk | https://www.google.com/search?q=TJ%20Holowaychuk%20open%20source,https://en.wikipedia.org/wiki/TJ_Holowaychuk,"Portrait is an AI-generated illustration (OpenAI gpt-image-1), not a photograph. Facts grounded in public Wikipedia/Wikidata sources. Verify publicity/personality rights before commercial sale.",95,92,90,88,85
5,Guido van Rossum,Guido van Rossum,,Creator of the Python Language,Netherlands,1956,Inventor of Python programming language,Python,,Created the Python programming language | Served as BDFL until 2018 | Contributed to Python Steering Council,,"Guido van Rossum is a pivotal figure in programming, known for creating Python. His leadership as BDFL shaped the language's development and community, influencing countless developers worldwide.",Guido's Python has empowered generations of coders.,https://www.wikidata.org/wiki/Q30942 | https://en.wikipedia.org/wiki/Guido_van_Rossum | https://www.google.com/search?q=Guido%20van%20Rossum%20open%20source,https://upload.wikimedia.org/wikipedia/commons/thumb/6/6b/Guido_van_Rossum_in_PyConUS24_%28cropped%29.jpg/330px-Guido_van_Rossum_in_PyConUS24_%28cropped%29.jpg | https://upload.wikimedia.org/wikipedia/commons/6/6b/Guido_van_Rossum_in_PyConUS24_%28cropped%29.jpg,"Portrait is an AI-generated illustration (OpenAI gpt-image-1), not a photograph. Facts grounded in public Wikipedia/Wikidata sources. Verify publicity/personality rights before commercial sale.",95,92,94,97,90
6,Yukihiro Matsumoto,Yukihiro Matsumoto,,Creator of Ruby Programming Language,Japan,1965,Inventing the Ruby language,Ruby | Ruby on Rails | RubyGems,,Designed Ruby programming language | Promoted developer happiness | Advocated for open-source collaboration,,"Yukihiro Matsumoto, known as Matz, is the creator of Ruby. He emphasizes simplicity and productivity in programming. His work inspires a vibrant community that values creativity and collaboration.",Matz believes programming should be enjoyable.,https://www.wikidata.org/wiki/Q109409154 | https://en.wikipedia.org/wiki/Yukihiro_Matz_Matsumoto | https://www.google.com/search?q=Yukihiro%20%E2%80%9CMatz%E2%80%9D%20Matsumoto%20open%20source,https://www.wikidata.org/wiki/Q109409154,"Portrait is an AI-generated illustration (OpenAI gpt-image-1), not a photograph. Facts grounded in public Wikipedia/Wikidata sources. Verify publicity/personality rights before commercial sale.",95,90,92,98,85
7,Larry Wall,Larry Wall,,Creator of Perl Programming Language,USA,1954,Inventing the Perl language,Perl | Patch | perlbrew,,Developed Perl programming language | Promoted open source philosophy | Created the CPAN repository,,"Larry Wall is a prominent figure in open source, known for creating Perl, a highly versatile programming language. His contributions to software development and community engagement have made a lasting impact on the tech landscape.",Perl: The duct tape of the Internet.,https://en.wikipedia.org/wiki/Larry_Wall | https://www.google.com/search?q=Larry%20Wall%20open%20source,https://en.wikipedia.org/wiki/Larry_Wall,"Portrait is an AI-generated illustration (OpenAI gpt-image-1), not a photograph. Facts grounded in public Wikipedia/Wikidata sources. Verify publicity/personality rights before commercial sale.",92,88,90,95,93
8,Brendan Eich,Brendan Eich,,Creator of JavaScript,USA,1961-11-04,Co-founder of Mozilla and Firefox,JavaScript | Mozilla | Firefox,,Developed JavaScript in 1995 | Co-founded Mozilla Corporation | Advocated for web standards,,"Brendan Eich is a pivotal figure in web development, known for creating JavaScript. He co-founded Mozilla, championing open-source principles and fostering innovation in web browsers. His work continues to influence how we interact with the internet today.",The man who brought interactivity to the web.,https://en.wikipedia.org/wiki/Brendan_Eich | https://www.google.com/search?q=Brendan%20Eich%20open%20source,https://en.wikipedia.org/wiki/Brendan_Eich,"Portrait is an AI-generated illustration (OpenAI gpt-image-1), not a photograph. Facts grounded in public Wikipedia/Wikidata sources. Verify publicity/personality rights before commercial sale.",95,90,98,92,87
9,Rasmus Lerdorf,Rasmus Lerdorf,,Creator of PHP,Canada / Denmark,1968,Developing the PHP programming language,PHP | Apache | MySQL,,Created the PHP scripting language | Contributed to web development tools | Advocated for open source software,,"Rasmus Lerdorf is a pivotal figure in web development, best known for creating PHP. His work enables dynamic web applications and has influenced countless developers worldwide. He continues to advocate for open source principles.",Rasmus Lerdorf transformed web programming forever.,https://en.wikipedia.org/wiki/Rasmus_Lerdorf | https://www.google.com/search?q=Rasmus%20Lerdorf%20open%20source,https://en.wikipedia.org/wiki/Rasmus_Lerdorf,"Portrait is an AI-generated illustration (OpenAI gpt-image-1), not a photograph. Facts grounded in public Wikipedia/Wikidata sources. Verify publicity/personality rights before commercial sale.",95,90,92,88,85
10,David Heinemeier Hansson,David Heinemeier Hansson,,Creator of Ruby on Rails,Denmark,1979,Pioneering web application framework,Ruby on Rails | Basecamp | HEXO,,Developed Ruby on Rails framework | Co-founder of Basecamp | Advocate for remote work,,"David Heinemeier Hansson transforms web development with Ruby on Rails, emphasizing simplicity and productivity. As a co-founder of Basecamp, he champions remote work and efficient project management.",Simplicity is the ultimate sophistication.,https://en.wikipedia.org/wiki/David_Heinemeier_Hansson | https://www.google.com/search?q=David%20Heinemeier%20Hansson%20open%20source,https://en.wikipedia.org/wiki/David_Heinemeier_Hansson,"Portrait is an AI-generated illustration (OpenAI gpt-image-1), not a photograph. Facts grounded in public Wikipedia/Wikidata sources. Verify publicity/personality rights before commercial sale.",90,85,92,88,80
11,Ryan Dahl,Ryan Dahl,,Creator of Node.js,USA,1981,Developing server-side JavaScript runtime,Node.js | Deno,,Created Node.js runtime | Introduced event-driven architecture | Pioneered JavaScript on the server,,"Ryan Dahl revolutionizes web development with Node.js, enabling JavaScript to run server-side. His work emphasizes efficiency and scalability, shaping modern web applications and influencing countless developers worldwide.",Ryan Dahl turns JavaScript into a powerful server tool.,https://en.wikipedia.org/wiki/Ryan_Dahl | https://www.google.com/search?q=Ryan%20Dahl%20open%20source,https://en.wikipedia.org/wiki/Ryan_Dahl,"Portrait is an AI-generated illustration (OpenAI gpt-image-1), not a photograph. Facts grounded in public Wikipedia/Wikidata sources. Verify publicity/personality rights before commercial sale.",95,92,94,90,88
12,Evan You,Evan You,,Creator of Vue.js,USA,1988,Developing the Vue.js framework,Vue.js | Vue Router | Vuex,,Introduced reactive programming concepts | Simplified web development processes | Built a strong community around Vue.js,,"Evan You is a prominent figure in web development, known for creating Vue.js. His framework emphasizes simplicity and flexibility, making it popular among developers. He actively engages with the community, continuously enhancing the framework's capabilities.",Evan's vision reshapes how we build interfaces.,https://en.wikipedia.org/wiki/Evan_You | https://www.google.com/search?q=Evan%20You%20open%20source,https://en.wikipedia.org/wiki/Evan_You,"Portrait is an AI-generated illustration (OpenAI gpt-image-1), not a photograph. Facts grounded in public Wikipedia/Wikidata sources. Verify publicity/personality rights before commercial sale.",90,85,92,95,88
13,Rich Harris,Rich Harris,,Creator of Svelte Framework,USA,1988,Innovative JavaScript framework development,Svelte | Sapper | Rollup,,Introduced reactive programming | Simplified web development | Enhanced performance with compiled components,,Rich Harris is a leading figure in modern web development. He creates tools that streamline coding processes and improve application performance. His work on Svelte revolutionizes how developers build user interfaces.,Transforming the way we code for the web.,https://en.wikipedia.org/wiki/Rich_Harris | https://www.google.com/search?q=Rich%20Harris%20open%20source,https://en.wikipedia.org/wiki/Rich_Harris,"Portrait is an AI-generated illustration (OpenAI gpt-image-1), not a photograph. Facts grounded in public Wikipedia/Wikidata sources. Verify publicity/personality rights before commercial sale.",90,88,92,85,80
14,Jordan Walke,Jordan Walke,,Creator of React,USA,1989,Developing the React JavaScript library,React | React Native | Jest,,Introduced component-based architecture | Pioneered virtual DOM concept | Enhanced UI development efficiency,,"Jordan Walke revolutionizes front-end development with React, a library that simplifies building user interfaces. His work emphasizes performance and usability, making it a favorite among developers worldwide.",Transforming how we build user interfaces.,https://en.wikipedia.org/wiki/Jordan_Walke | https://www.google.com/search?q=Jordan%20Walke%20open%20source,https://en.wikipedia.org/wiki/Jordan_Walke,"Portrait is an AI-generated illustration (OpenAI gpt-image-1), not a photograph. Facts grounded in public Wikipedia/Wikidata sources. Verify publicity/personality rights before commercial sale.",95,90,93,92,88
15,Dan Abramov,Dan Abramov,,Co-Creator of Redux,USA,1986,JavaScript libraries and tools,Redux | Create React App | React Hot Loader,,Developed Redux state management | Created Create React App | Improved React development experience,,"Dan Abramov is a leading figure in the JavaScript community, known for his work on Redux and Create React App. His contributions significantly enhance the development experience for React developers worldwide.",Dan's tools empower developers to build better apps.,https://en.wikipedia.org/wiki/Dan_Abramov | https://www.google.com/search?q=Dan%20Abramov%20open%20source,https://en.wikipedia.org/wiki/Dan_Abramov,"Portrait is an AI-generated illustration (OpenAI gpt-image-1), not a photograph. Facts grounded in public Wikipedia/Wikidata sources. Verify publicity/personality rights before commercial sale.",92,88,90,95,85
16,Sebastian McKenzie,Sebastian McKenzie,,Creator of Babel Compiler,USA,1987,JavaScript transpiler development,Babel | Babel-Polyfill | Babel-CLI,,Transpiles modern JavaScript | Supports various JavaScript versions | Enhances developer productivity,,"Sebastian McKenzie is a pivotal figure in JavaScript development. He creates Babel, a tool that allows developers to use the latest JavaScript features while ensuring compatibility with older browsers.",Babel: bridging the gap in JavaScript.,https://en.wikipedia.org/wiki/Sebastian_McKenzie | https://www.google.com/search?q=Sebastian%20McKenzie%20open%20source,https://en.wikipedia.org/wiki/Sebastian_McKenzie,"Portrait is an AI-generated illustration (OpenAI gpt-image-1), not a photograph. Facts grounded in public Wikipedia/Wikidata sources. Verify publicity/personality rights before commercial sale.",90,85,92,88,80
17,Isaac Z. Schlueter,Isaac Z. Schlueter,,Node.js Package Manager Creator,USA,1984,"Founder of npm, Inc.",npm | Node.js,,Developed npm package manager | Advocated for open source | Enhanced JavaScript ecosystem,,"Isaac Z. Schlueter revolutionizes JavaScript development with npm, the world's largest software registry. His work fosters collaboration and innovation, making it easier for developers to share and reuse code.","Empowering developers, one package at a time.",https://en.wikipedia.org/wiki/Isaac_Z._Schlueter | https://www.google.com/search?q=Isaac%20Z.%20Schlueter%20open%20source,https://en.wikipedia.org/wiki/Isaac_Z._Schlueter,"Portrait is an AI-generated illustration (OpenAI gpt-image-1), not a photograph. Facts grounded in public Wikipedia/Wikidata sources. Verify publicity/personality rights before commercial sale.",95,90,94,97,88
18,Matt Mullenweg,Matt Mullenweg,,Co-founder of WordPress,USA,1984,Leading the WordPress project,WordPress | Akismet | BuddyPress,,Developed WordPress platform | Promoted open-source blogging | Advocated for web publishing,,"Matt Mullenweg is a key figure in web development, known for co-founding WordPress. He champions open-source principles and has significantly influenced online publishing and content management systems.",Empowering creators through open-source innovation.,https://en.wikipedia.org/wiki/Matt_Mullenweg | https://www.google.com/search?q=Matt%20Mullenweg%20open%20source,https://en.wikipedia.org/wiki/Matt_Mullenweg,"Portrait is an AI-generated illustration (OpenAI gpt-image-1), not a photograph. Facts grounded in public Wikipedia/Wikidata sources. Verify publicity/personality rights before commercial sale.",95,85,90,98,92
19,Dries Buytaert,Dries Buytaert,,Creator of Drupal,Belgium,1978,Founding the Drupal content management system,Drupal | Acquia,,Developed Drupal CMS | Founded Acquia | Advocated for open source,,"Dries Buytaert is a pivotal figure in open source, known for creating Drupal, a leading content management system. He champions community-driven development and continues to influence the web landscape through his work at Acquia.","Empowering the web, one site at a time.",https://en.wikipedia.org/wiki/Dries_Buytaert | https://www.google.com/search?q=Dries%20Buytaert%20open%20source,https://en.wikipedia.org/wiki/Dries_Buytaert,"Portrait is an AI-generated illustration (OpenAI gpt-image-1), not a photograph. Facts grounded in public Wikipedia/Wikidata sources. Verify publicity/personality rights before commercial sale.",95,88,92,90,85
20,Brian Behlendorf,Brian Behlendorf,,Co-founder of Apache Software Foundation,USA,1971,Leading the Apache HTTP Server project,Apache HTTP Server | Apache Software Foundation | Mod_ssl,,Co-created Apache HTTP Server | Advocated for open source | Contributed to web standards,,"Brian Behlendorf is a pivotal figure in open source, known for co-founding the Apache Software Foundation. His leadership in developing the Apache HTTP Server has significantly shaped the web landscape, promoting collaboration and innovation in software development.",Brian champions the spirit of open collaboration.,https://en.wikipedia.org/wiki/Brian_Behlendorf | https://www.google.com/search?q=Brian%20Behlendorf%20open%20source,https://en.wikipedia.org/wiki/Brian_Behlendorf,"Portrait is an AI-generated illustration (OpenAI gpt-image-1), not a photograph. Facts grounded in public Wikipedia/Wikidata sources. Verify publicity/personality rights before commercial sale.",95,90,92,94,88
21,Roy Fielding,Roy Fielding,,Architect of REST,USA,1965,Founding the REST architectural style,Apache HTTP Server | REST | HTTP/1.1,,Defined REST principles | Contributed to HTTP standards | Influenced web architecture,,"Roy Fielding is a pivotal figure in web architecture, known for his creation of REST. His work on HTTP and the Apache HTTP Server has profoundly influenced how modern web applications are designed and interact.",Fielding's REST principles revolutionized web communication.,https://en.wikipedia.org/wiki/Roy_Fielding | https://www.google.com/search?q=Roy%20Fielding%20open%20source,https://en.wikipedia.org/wiki/Roy_Fielding,"Portrait is an AI-generated illustration (OpenAI gpt-image-1), not a photograph. Facts grounded in public Wikipedia/Wikidata sources. Verify publicity/personality rights before commercial sale.",95,90,98,92,94
22,Eric S. Raymond,Eric S. Raymond,,Open Source Advocate,USA,1957,Author of 'The Cathedral and the Bazaar',Fetchmail | The Cathedral and the Bazaar | Open Source Initiative,,Promotes open source philosophy | Influential in software development practices | Contributed to various open source projects,,Eric S. Raymond is a prominent figure in the open source movement. He advocates for transparency in software development and has authored influential works that shape modern programming practices.,Raymond's insights revolutionized software development.,https://en.wikipedia.org/wiki/Eric_S._Raymond | https://www.google.com/search?q=Eric%20S.%20Raymond%20open%20source,https://en.wikipedia.org/wiki/Eric_S._Raymond,"Portrait is an AI-generated illustration (OpenAI gpt-image-1), not a photograph. Facts grounded in public Wikipedia/Wikidata sources. Verify publicity/personality rights before commercial sale.",90,80,85,95,88
23,Bruce Perens,Bruce Perens,,Co-founder of Open Source Initiative,USA,1958,Advocate for open source software,Open Source Definition | Debian Project | Linux Standards Base,,Co-created Open Source Definition | Promoted open source adoption | Contributed to Debian Project,,"Bruce Perens is a pivotal figure in the open source movement. He co-founded the Open Source Initiative and authored the Open Source Definition, which shapes software licensing today. His advocacy continues to influence software development worldwide.","Open source is a philosophy, not just a license.",https://en.wikipedia.org/wiki/Bruce_Perens | https://www.google.com/search?q=Bruce%20Perens%20open%20source,https://en.wikipedia.org/wiki/Bruce_Perens,"Portrait is an AI-generated illustration (OpenAI gpt-image-1), not a photograph. Facts grounded in public Wikipedia/Wikidata sources. Verify publicity/personality rights before commercial sale.",95,85,90,92,88
24,Ian Murdock,Ian Murdock,,Founder of Debian Project,USA,1973-04-05,Creating the Debian Linux distribution,Debian | Progeny Linux Systems,,Established Debian as a standard | Promoted open-source principles | Advocated for community collaboration,,"Ian Murdock is a pivotal figure in open source, known for founding the Debian Project. His vision for a collaborative operating system has influenced countless distributions and fostered a strong community ethos.",Debian: a legacy of freedom and collaboration.,https://en.wikipedia.org/wiki/Ian_Murdock | https://www.google.com/search?q=Ian%20Murdock%20open%20source,https://en.wikipedia.org/wiki/Ian_Murdock,"Portrait is an AI-generated illustration (OpenAI gpt-image-1), not a photograph. Facts grounded in public Wikipedia/Wikidata sources. Verify publicity/personality rights before commercial sale.",95,85,90,95,92
25,Mark Shuttleworth,Mark Shuttleworth,,Founder of Ubuntu,South Africa,1973-09-18,Creating the Ubuntu operating system,Ubuntu | Canonical Ltd.,,Launched the Ubuntu project | Promoted open source software | Spearheaded user-friendly Linux,,"Mark Shuttleworth is a visionary entrepreneur and philanthropist. He founded Ubuntu, which revolutionized Linux accessibility. His commitment to open source fosters innovation and community engagement worldwide.",Shuttleworth believes in the power of freedom through software.,https://en.wikipedia.org/wiki/Mark_Shuttleworth | https://www.google.com/search?q=Mark%20Shuttleworth%20open%20source,https://en.wikipedia.org/wiki/Mark_Shuttleworth,"Portrait is an AI-generated illustration (OpenAI gpt-image-1), not a photograph. Facts grounded in public Wikipedia/Wikidata sources. Verify publicity/personality rights before commercial sale.",90,85,92,88,80
26,Theo de Raadt,Theo de Raadt,,Founder of OpenBSD,Netherlands / Canada,1968,Advocate for open-source security,OpenBSD | OpenSSH | LibreSSL,,Developed OpenBSD security features | Created OpenSSH for secure communication | Promoted code correctness and simplicity,,"Theo de Raadt leads the OpenBSD project, emphasizing security and code correctness. His work on OpenSSH has transformed secure communications globally. He is a prominent figure in the open-source community.",Security and simplicity define his legacy.,https://en.wikipedia.org/wiki/Theo_de_Raadt | https://www.google.com/search?q=Theo%20de%20Raadt%20open%20source,https://en.wikipedia.org/wiki/Theo_de_Raadt,"Portrait is an AI-generated illustration (OpenAI gpt-image-1), not a photograph. Facts grounded in public Wikipedia/Wikidata sources. Verify publicity/personality rights before commercial sale.",95,90,92,88,85
27,D. Richard Hipp,D. Richard Hipp,,Creator of SQLite,USA,1961,Developing the SQLite database,SQLite | Tcl | Fossil,,Developed SQLite database engine | Created Fossil version control | Contributed to Tcl scripting language,,"D. Richard Hipp is a prominent software developer known for creating SQLite, a lightweight database widely used in applications. His work on Fossil and Tcl further showcases his versatility and impact in the open-source community.",SQLite: the database that fits everywhere.,https://en.wikipedia.org/wiki/D._Richard_Hipp | https://www.google.com/search?q=D.%20Richard%20Hipp%20open%20source,https://en.wikipedia.org/wiki/D._Richard_Hipp,"Portrait is an AI-generated illustration (OpenAI gpt-image-1), not a photograph. Facts grounded in public Wikipedia/Wikidata sources. Verify publicity/personality rights before commercial sale.",95,90,92,88,94
28,Fabrice Bellard,Fabrice Bellard,,Creator of QEMU,France,1972,Contributions to emulation and programming languages,QEMU | FFmpeg | TinyCC,,Developed QEMU emulator | Created FFmpeg multimedia framework | Built TinyCC compiler,,"Fabrice Bellard is a prominent figure in open source software, known for his groundbreaking work in emulation and programming languages. His projects, especially QEMU and FFmpeg, have significantly influenced the tech landscape.",A pioneer in emulation and multimedia.,https://en.wikipedia.org/wiki/Fabrice_Bellard | https://www.google.com/search?q=Fabrice%20Bellard%20open%20source,https://en.wikipedia.org/wiki/Fabrice_Bellard,"Portrait is an AI-generated illustration (OpenAI gpt-image-1), not a photograph. Facts grounded in public Wikipedia/Wikidata sources. Verify publicity/personality rights before commercial sale.",95,90,92,88,85
29,Andrew Tridgell,Andrew Tridgell,,Creator of Samba,Australia,1966,Pioneering open-source file sharing,Samba | rsync | CIFS,,Developed Samba file sharing | Created rsync for efficient backups | Contributed to CIFS protocol,,"Andrew Tridgell is a key figure in open-source software, known for creating Samba and rsync. His work enables seamless file sharing across different operating systems, making him a vital contributor to the open-source community.",Tridgell bridges systems with open-source innovation.,https://en.wikipedia.org/wiki/Andrew_Tridgell | https://www.google.com/search?q=Andrew%20Tridgell%20open%20source,https://en.wikipedia.org/wiki/Andrew_Tridgell,"Portrait is an AI-generated illustration (OpenAI gpt-image-1), not a photograph. Facts grounded in public Wikipedia/Wikidata sources. Verify publicity/personality rights before commercial sale.",90,88,92,91,85
30,Bram Moolenaar,Bram Moolenaar,,Creator of Vim Editor,Netherlands,1961,Developing the Vim text editor,Vim | Gvim | Vim.org,,Created Vim text editor | Promoted open source philosophy | Contributed to software development tools,,"Bram Moolenaar is a prominent figure in software development, known for creating Vim, a highly configurable text editor. His work emphasizes efficiency and productivity, making Vim a staple among programmers worldwide.",Vim: The editor that keeps on giving.,https://en.wikipedia.org/wiki/Bram_Moolenaar | https://www.google.com/search?q=Bram%20Moolenaar%20open%20source,https://en.wikipedia.org/wiki/Bram_Moolenaar,"Portrait is an AI-generated illustration (OpenAI gpt-image-1), not a photograph. Facts grounded in public Wikipedia/Wikidata sources. Verify publicity/personality rights before commercial sale.",90,85,88,92,95
31,Brian Fox,Brian Fox,,Co-Creator of GNU Bash,USA,1961,Developing the Bourne Again Shell,GNU Bash | GNU Project | Free Software Foundation,,Developed GNU Bash shell | Promoted free software movement | Contributed to GNU Project,,"Brian Fox is a pivotal figure in the open source community, known for creating GNU Bash, a widely used command-line shell. His work has significantly influenced the development of free software and the GNU Project, promoting software freedom.",Brian Fox's legacy lives on in every terminal.,https://en.wikipedia.org/wiki/Brian_Fox | https://www.google.com/search?q=Brian%20Fox%20open%20source,https://en.wikipedia.org/wiki/Brian_Fox,"Portrait is an AI-generated illustration (OpenAI gpt-image-1), not a photograph. Facts grounded in public Wikipedia/Wikidata sources. Verify publicity/personality rights before commercial sale.",90,85,88,92,87
32,Werner Koch,Werner Koch,,Principal Author of GnuPG,Germany,unknown,Creating the GNU Privacy Guard,GNU Privacy Guard | Free Software Foundation Europe,,Developed GNU Privacy Guard | Served as Vice-Chancellor | Founded GnuPG,,"Werner Koch is a pivotal figure in free software, known for his work on GnuPG. His contributions enhance digital security and privacy for users worldwide. He actively promotes free software principles through his leadership roles.",Koch champions freedom in digital security.,https://www.wikidata.org/wiki/Q3567326 | https://en.wikipedia.org/wiki/Werner_Koch | https://www.google.com/search?q=Werner%20Koch%20open%20source,https://upload.wikimedia.org/wikipedia/commons/thumb/4/44/Werner_Koch_Portrait_01.2015-2.jpg/330px-Werner_Koch_Portrait_01.2015-2.jpg | https://upload.wikimedia.org/wikipedia/commons/4/44/Werner_Koch_Portrait_01.2015-2.jpg,"Portrait is an AI-generated illustration (OpenAI gpt-image-1), not a photograph. Facts grounded in public Wikipedia/Wikidata sources. Verify publicity/personality rights before commercial sale.",90,85,88,92,80
33,Miguel de Icaza,Miguel de Icaza,,Creator of GNOME and Mono,Mexico / USA,unknown,Pioneering free software development,GNOME | Mono | Xamarin,,Started the GNOME project | Developed the Mono framework | Co-founded Xamarin,,"Miguel de Icaza is a key figure in free software, driving innovation with GNOME and Mono. His work empowers developers and enhances user experiences across platforms.",A true champion of open source software.,https://www.wikidata.org/wiki/Q62849 | https://en.wikipedia.org/wiki/Miguel_de_Icaza | https://www.google.com/search?q=Miguel%20de%20Icaza%20open%20source,https://upload.wikimedia.org/wikipedia/commons/thumb/9/9c/Miguel_de_Icaza_%282023-11-04%29.jpg/330px-Miguel_de_Icaza_%282023-11-04%29.jpg | https://upload.wikimedia.org/wikipedia/commons/9/9c/Miguel_de_Icaza_%282023-11-04%29.jpg,"Portrait is an AI-generated illustration (OpenAI gpt-image-1), not a photograph. Facts grounded in public Wikipedia/Wikidata sources. Verify publicity/personality rights before commercial sale.",90,85,92,88,80
34,Federico Mena Quintero,Federico Mena Quintero,,Co-Creator of GNOME,Mexico,1972,Developing the GNOME desktop environment,GNOME | GNOME Shell,,Co-founded the GNOME project | Promoted open-source desktop solutions | Contributed to user interface design,,"Federico Mena Quintero is a pivotal figure in open-source software, known for co-creating the GNOME desktop environment. His work enhances user experience across various Linux distributions, making technology accessible and user-friendly.",Transforming the Linux desktop experience.,https://www.wikidata.org/wiki/Q2041395 | https://en.wikipedia.org/wiki/Federico_Mena | https://en.wikipedia.org/wiki/GNOME | https://en.wikipedia.org/wiki/Federico_Mena_Quintero,https://upload.wikimedia.org/wikipedia/commons/thumb/6/68/Gnomelogo.svg/330px-Gnomelogo.svg.png | https://upload.wikimedia.org/wikipedia/commons/thumb/6/68/Gnomelogo.svg/500px-Gnomelogo.svg.png,"Portrait is an AI-generated illustration (OpenAI gpt-image-1), not a photograph. Facts grounded in public Wikipedia/Wikidata sources. Verify publicity/personality rights before commercial sale.",92,85,90,88,80
35,Havoc Pennington,Havoc Pennington,,Pioneer of Desktop Environments,USA,1970,Contributions to GNOME and D-Bus,HAL | GNOME | Metacity | D-Bus,,Developed GNOME desktop environment | Created D-Bus messaging system | Contributed to Metacity window manager,,"Havoc Pennington drives innovation in desktop environments, enhancing user experience with GNOME and D-Bus. His work supports seamless communication between applications, making software more accessible and efficient.",A key figure in the free software movement.,https://www.wikidata.org/wiki/Q2444944 | https://en.wikipedia.org/wiki/Havoc_Pennington | https://www.google.com/search?q=Havoc%20Pennington%20open%20source,https://www.wikidata.org/wiki/Q2444944,"Portrait is an AI-generated illustration (OpenAI gpt-image-1), not a photograph. Facts grounded in public Wikipedia/Wikidata sources. Verify publicity/personality rights before commercial sale.",88,85,90,87,82
36,Keith Packard,Keith Packard,,X Window System Developer,USA,Unknown,Pioneering work on graphical interfaces,X Window System,,Developed X Window System | Contributed to graphical interfaces | Influenced open source display technology,,"Keith Packard is a prominent software developer recognized for his significant contributions to the X Window System, which revolutionized graphical interfaces in computing. His work continues to impact open source software development today.",A pioneer in graphical interface innovation.,https://www.wikidata.org/wiki/Q92972 | https://en.wikipedia.org/wiki/Keith_Packard | https://www.google.com/search?q=Keith%20Packard%20open%20source,https://www.wikidata.org/wiki/Q92972,"Portrait is an AI-generated illustration (OpenAI gpt-image-1), not a photograph. Facts grounded in public Wikipedia/Wikidata sources. Verify publicity/personality rights before commercial sale.",85,80,90,75,70
37,Lennart Poettering,Lennart Poettering,,Systemd Creator,Germany,1980,Developing systemd and related technologies,systemd | PulseAudio | Avahi,,Introduced systemd for init systems | Developed PulseAudio sound server | Created Avahi for service discovery,,"Lennart Poettering is a pivotal figure in modern Linux systems. He revolutionizes how services are managed with systemd, impacting boot processes and service management across distributions. His work on audio and service discovery further enhances user experience.",Revolutionizing Linux with innovative technologies.,https://en.wikipedia.org/wiki/Lennart_Poettering | https://www.google.com/search?q=Lennart%20Poettering%20open%20source,https://en.wikipedia.org/wiki/Lennart_Poettering,"Portrait is an AI-generated illustration (OpenAI gpt-image-1), not a photograph. Facts grounded in public Wikipedia/Wikidata sources. Verify publicity/personality rights before commercial sale.",90,85,92,78,80
38,Greg Kroah-Hartman,Greg Kroah-Hartman,,Linux Kernel Maintainer,USA,1973,Leading Linux kernel development,Linux Kernel | Driver Backports | Ksplice,,Maintains the Linux kernel | Contributes to driver development | Advocates for open source,,"Greg Kroah-Hartman is a pivotal figure in Linux kernel development, ensuring its stability and performance. His work on driver backports and Ksplice enhances system reliability, making him a respected leader in the open source community.",A guardian of the Linux kernel.,https://en.wikipedia.org/wiki/Greg_Kroah-Hartman | https://www.google.com/search?q=Greg%20Kroah-Hartman%20open%20source,https://en.wikipedia.org/wiki/Greg_Kroah-Hartman,"Portrait is an AI-generated illustration (OpenAI gpt-image-1), not a photograph. Facts grounded in public Wikipedia/Wikidata sources. Verify publicity/personality rights before commercial sale.",95,92,90,94,91
39,Alan Cox,Alan Cox,,Linux Kernel Developer,UK,1970,Contributions to the Linux kernel,Linux Kernel | Netfilter | Red Hat,,Maintained Linux kernel releases | Developed networking features | Contributed to security enhancements,,"Alan Cox is a prominent figure in the Linux community, known for his extensive contributions to the Linux kernel. He plays a crucial role in maintaining kernel releases and enhancing networking capabilities, solidifying his legacy in open source software.",A key architect of Linux's evolution.,https://en.wikipedia.org/wiki/Alan_Cox | https://www.google.com/search?q=Alan%20Cox%20open%20source,https://en.wikipedia.org/wiki/Alan_Cox,"Portrait is an AI-generated illustration (OpenAI gpt-image-1), not a photograph. Facts grounded in public Wikipedia/Wikidata sources. Verify publicity/personality rights before commercial sale.",90,88,85,92,87
40,Chris Lattner,Chris Lattner,,Creator of LLVM,USA,1985,Developing the LLVM compiler infrastructure,LLVM | Swift | Clang,,Invented LLVM compiler framework | Developed Swift programming language | Contributed to Clang project,,"Chris Lattner is a pivotal figure in programming language design and compiler technology. His work on LLVM revolutionizes how software is compiled, while Swift has transformed iOS development, making it more accessible and efficient.",A visionary in compilers and programming languages.,https://en.wikipedia.org/wiki/Chris_Lattner | https://www.google.com/search?q=Chris%20Lattner%20open%20source,https://en.wikipedia.org/wiki/Chris_Lattner,"Portrait is an AI-generated illustration (OpenAI gpt-image-1), not a photograph. Facts grounded in public Wikipedia/Wikidata sources. Verify publicity/personality rights before commercial sale.",95,92,97,90,85
41,Graydon Hoare,Graydon Hoare,,Creator of the Rust Language,Canada,1983,Developing the Rust programming language,Rust | Servo,,Designed Rust programming language | Contributed to Servo project | Advocated for memory safety,,"Graydon Hoare is a prominent software engineer known for creating Rust. His work emphasizes safety and concurrency, making a significant impact on modern programming practices. He continues to influence the open source community.",Graydon's vision redefines how we think about safety in programming.,https://en.wikipedia.org/wiki/Graydon_Hoare | https://www.google.com/search?q=Graydon%20Hoare%20open%20source,https://en.wikipedia.org/wiki/Graydon_Hoare,"Portrait is an AI-generated illustration (OpenAI gpt-image-1), not a photograph. Facts grounded in public Wikipedia/Wikidata sources. Verify publicity/personality rights before commercial sale.",90,88,92,85,80
42,Steve Klabnik,Steve Klabnik,,Open Source Advocate,USA,1989,Contributions to Rust programming language,Rust | Cargo | Documentation,,Promotes open source principles | Contributes to Rust documentation | Advocates for community engagement,,"Steve Klabnik is a prominent figure in the Rust community, known for his advocacy of open source software. He plays a crucial role in enhancing Rust's documentation and fostering a welcoming environment for developers.",Steve champions the spirit of open source.,https://en.wikipedia.org/wiki/Steve_Klabnik | https://www.google.com/search?q=Steve%20Klabnik%20open%20source,https://en.wikipedia.org/wiki/Steve_Klabnik,"Portrait is an AI-generated illustration (OpenAI gpt-image-1), not a photograph. Facts grounded in public Wikipedia/Wikidata sources. Verify publicity/personality rights before commercial sale.",88,85,90,92,80
43,Salvatore Sanfilippo,Salvatore Sanfilippo,,Creator of Redis,Italy,1979,Developing the Redis database,Redis | Antirez,,Developed the Redis key-value store | Pioneered in-memory data structures | Contributed to open source community,,"Salvatore Sanfilippo, known as antirez, is the creator of Redis, a powerful in-memory data structure store. His work has revolutionized data handling and caching in modern applications, making him a key figure in open source software.","Redis: Fast, reliable, and open source.",https://en.wikipedia.org/wiki/Salvatore_Sanfilippo | https://www.google.com/search?q=Salvatore%20Sanfilippo%20%2F%20antirez%20open%20source,https://en.wikipedia.org/wiki/Salvatore_Sanfilippo,"Portrait is an AI-generated illustration (OpenAI gpt-image-1), not a photograph. Facts grounded in public Wikipedia/Wikidata sources. Verify publicity/personality rights before commercial sale.",95,92,94,90,88
44,Michael Widenius,Michael Widenius,,Creator of MySQL Database,Sweden,1963-04-01,Co-founder of MySQL AB,MySQL | MariaDB | MaxScale,,Developed MySQL database system | Founded MySQL AB | Created MariaDB fork,,"Michael 'Monty' Widenius revolutionizes data management with MySQL, a leading open-source database. His commitment to community-driven development continues through MariaDB, ensuring robust alternatives in database technology.",Monty believes in open-source freedom.,https://en.wikipedia.org/wiki/Michael_Monty_Widenius | https://www.google.com/search?q=Michael%20%E2%80%9CMonty%E2%80%9D%20Widenius%20open%20source,https://en.wikipedia.org/wiki/Michael_Monty_Widenius,"Portrait is an AI-generated illustration (OpenAI gpt-image-1), not a photograph. Facts grounded in public Wikipedia/Wikidata sources. Verify publicity/personality rights before commercial sale.",95,90,92,97,94
45,Brad Fitzpatrick,Brad Fitzpatrick,,Creator of LiveJournal,USA,1980,Pioneering social networking platform,LiveJournal | Memcached | Go Programming Language,,Developed LiveJournal platform | Co-created Memcached | Contributed to Go language,,"Brad Fitzpatrick is a key figure in social networking and open source. He creates impactful projects like LiveJournal and Memcached, which have influenced web development and community building.",Innovator of social platforms and caching solutions.,https://en.wikipedia.org/wiki/Brad_Fitzpatrick | https://www.google.com/search?q=Brad%20Fitzpatrick%20open%20source,https://en.wikipedia.org/wiki/Brad_Fitzpatrick,"Portrait is an AI-generated illustration (OpenAI gpt-image-1), not a photograph. Facts grounded in public Wikipedia/Wikidata sources. Verify publicity/personality rights before commercial sale.",88,85,90,92,80
46,Solomon Hykes,Solomon Hykes,,Creator of Docker,USA,1986,Pioneering container technology,Docker | DotCloud,,"Developed containerization technology | Founded Docker, Inc. | Advocated for microservices architecture",,"Solomon Hykes revolutionizes software deployment with Docker, enabling developers to create, deploy, and manage applications in containers. His work fosters innovation in cloud computing and microservices, making it easier for teams to collaborate and scale.",Hykes transforms how we think about applications.,https://en.wikipedia.org/wiki/Solomon_Hykes | https://www.google.com/search?q=Solomon%20Hykes%20open%20source,https://en.wikipedia.org/wiki/Solomon_Hykes,"Portrait is an AI-generated illustration (OpenAI gpt-image-1), not a photograph. Facts grounded in public Wikipedia/Wikidata sources. Verify publicity/personality rights before commercial sale.",95,90,98,92,85
47,Mitchell Hashimoto,Mitchell Hashimoto,,Co-founder of HashiCorp,USA,1990,Infrastructure automation software,Terraform | Vagrant | Consul | Vault,,Pioneered infrastructure as code | Developed popular open-source tools | Advocated for DevOps practices,,Mitchell Hashimoto is a leading figure in infrastructure automation. He co-founds HashiCorp and creates tools that simplify cloud management. His work empowers developers to streamline workflows and enhance productivity.,"Transforming infrastructure management, one tool at a time.",https://en.wikipedia.org/wiki/Mitchell_Hashimoto | https://www.google.com/search?q=Mitchell%20Hashimoto%20open%20source,https://en.wikipedia.org/wiki/Mitchell_Hashimoto,"Portrait is an AI-generated illustration (OpenAI gpt-image-1), not a photograph. Facts grounded in public Wikipedia/Wikidata sources. Verify publicity/personality rights before commercial sale.",92,88,95,90,85
48,Kelsey Hightower,Kelsey Hightower,,Kubernetes Advocate and Educator,USA,1984,Promoting cloud-native technologies,Kubernetes | OpenShift | Kelsey Hightower's Book,,Co-authored Kubernetes the Hard Way | Speaks at major tech conferences | Advocates for cloud-native practices,,"Kelsey Hightower is a prominent advocate for Kubernetes and cloud-native technologies. He educates developers through talks and workshops, emphasizing best practices and innovative approaches in the tech community.",Kelsey inspires the next generation of developers.,https://en.wikipedia.org/wiki/Kelsey_Hightower | https://www.google.com/search?q=Kelsey%20Hightower%20open%20source,https://en.wikipedia.org/wiki/Kelsey_Hightower,"Portrait is an AI-generated illustration (OpenAI gpt-image-1), not a photograph. Facts grounded in public Wikipedia/Wikidata sources. Verify publicity/personality rights before commercial sale.",90,85,92,95,88
49,Taylor Otwell,Taylor Otwell,,Creator of Laravel Framework,USA,1985,Building modern PHP applications,Laravel | Forge | Envoyer | Nova,,Developed Laravel framework | Innovated PHP development tools | Promoted developer-friendly practices,,"Taylor Otwell is a leading figure in PHP development, known for creating Laravel, a framework that simplifies web application development. His projects emphasize elegance and simplicity, making coding accessible and enjoyable for developers worldwide.",Laravel: where elegance meets simplicity.,https://en.wikipedia.org/wiki/Taylor_Otwell | https://www.google.com/search?q=Taylor%20Otwell%20open%20source,https://en.wikipedia.org/wiki/Taylor_Otwell,"Portrait is an AI-generated illustration (OpenAI gpt-image-1), not a photograph. Facts grounded in public Wikipedia/Wikidata sources. Verify publicity/personality rights before commercial sale.",90,85,88,92,80
50,Jeremy Ashkenas,Jeremy Ashkenas,,Creator of CoffeeScript,USA,1981,Development of Backbone.js and Underscore.js,CoffeeScript | Backbone.js | Underscore.js,,Introduced CoffeeScript syntax | Developed Backbone.js framework | Created Underscore.js library,,Jeremy Ashkenas is a prominent figure in JavaScript development. He creates tools that simplify coding and enhance productivity. His projects are widely adopted and influential in the open source community.,"Transforming JavaScript, one project at a time.",https://en.wikipedia.org/wiki/Jeremy_Ashkenas | https://www.google.com/search?q=Jeremy%20Ashkenas%20open%20source,https://en.wikipedia.org/wiki/Jeremy_Ashkenas,"Portrait is an AI-generated illustration (OpenAI gpt-image-1), not a photograph. Facts grounded in public Wikipedia/Wikidata sources. Verify publicity/personality rights before commercial sale.",88,85,90,87,80
